Transaction Hash,Status,Method,Blockno,DateTime (UTC),From,From_Nametag,To,To_Nametag,Amount,Value (USD),Txn Fee
"0x2c9456ff5e11071e3535b52899d9cd8a95e39d1e613f10e5c21e6268c014468f","Success","Approve","21530654","2025-01-01 15:56:11","0xfc72dff79ea3507ab3879e94a25c78e475b08e3b","","0xa0b86991c6218b36c1d19d4a2e9eb0ce3606eb48","Circle: USDC Token","0 ETH","$0.00","0.00119848"
"0xe95a327267e2fd97f021f2a548b880144a3a0c10047c18afa86cf7ef1d669af6","Success","Transfer","21530653","2025-01-01 15:55:59","0x5674c28513d3166bfed8dd0658779300112bcc6c","","0xfc72dff79ea3507ab3879e94a25c78e475b08e3b","","0.006353366 ETH","$21.21","0.00069285"
"0x52157aa8179c4e047066857fde3afbb51809a34aef260e8a9bcc72bad1dded45","Success","Approve","21530652","2025-01-01 15:55:47","0xfc72dff79ea3507ab3879e94a25c78e475b08e3b","","0xa0b86991c6218b36c1d19d4a2e9eb0ce3606eb48","Circle: USDC Token","0 ETH","$0.00","0.00106203"
"0xc50c5aa44de051095d6420b2ceff7acd32a6bf04c5c910ad579966d67890b7e4","Success","Transfer","21530651","2025-01-01 15:55:35","0x5674c28513d3166bfed8dd0658779300112bcc6c","","0xfc72dff79ea3507ab3879e94a25c78e475b08e3b","","0.006349655 ETH","$21.20","0.00068522"
"0x75e8a4390aa131fcac7a71383c0d4c4724ba7eb4954ef8be57253d87469b7f71","Success","Approve","21529989","2025-01-01 13:42:47","0xfc72dff79ea3507ab3879e94a25c78e475b08e3b","","0xa0b86991c6218b36c1d19d4a2e9eb0ce3606eb48","Circle: USDC Token","0 ETH","$0.00","0.00025583"
"0xd464d867ba2e7721888346910734d1ed6ec3e238f2fd7d43c2e8da3b340b926b","Success","Approve","21529987","2025-01-01 13:42:23","0xfc72dff79ea3507ab3879e94a25c78e475b08e3b","","0xa0b86991c6218b36c1d19d4a2e9eb0ce3606eb48","Circle: USDC Token","0 ETH","$0.00","0.00027442"
"0xb3c850f7821e2e6fe298538281feb43a6c5857fab38e672f28a7611edd6e1268","Success","Approve","21529986","2025-01-01 13:42:11","0xfc72dff79ea3507ab3879e94a25c78e475b08e3b","","0xa0b86991c6218b36c1d19d4a2e9eb0ce3606eb48","Circle: USDC Token","0 ETH","$0.00","0.00026169"
"0xb9b5dc9c05beb247e0807ffb2f50a0234ea7c8905016018064858a62189d1d32","Success","Approve","21529985","2025-01-01 13:41:59","0xfc72dff79ea3507ab3879e94a25c78e475b08e3b","","0xa0b86991c6218b36c1d19d4a2e9eb0ce3606eb48","Circle: USDC Token","0 ETH","$0.00","0.00025637"
"0x7276176a537b8b74a680c820a5bebeb26aa0287c1ec18bfee016b10ebfce77a9","Success","Approve","21529983","2025-01-01 13:41:35","0xfc72dff79ea3507ab3879e94a25c78e475b08e3b","","0xa0b86991c6218b36c1d19d4a2e9eb0ce3606eb48","Circle: USDC Token","0 ETH","$0.00","0.00025776"
"0x3528b5c5568ef548d9a29309ec9d653bcd2b256518d3f6cd38e02fa6a913d4e3","Success","Approve","21529982","2025-01-01 13:41:23","0xfc72dff79ea3507ab3879e94a25c78e475b08e3b","","0xa0b86991c6218b36c1d19d4a2e9eb0ce3606eb48","Circle: USDC Token","0 ETH","$0.00","0.00025428"
"0x80f9a36df3ff66ec1bd86fecd2f6fcef2a3327cece830bc5fc82d37f872ee0b7","Success","Approve","21529981","2025-01-01 13:41:11","0xfc72dff79ea3507ab3879e94a25c78e475b08e3b","","0xa0b86991c6218b36c1d19d4a2e9eb0ce3606eb48","Circle: USDC Token","0 ETH","$0.00","0.00025035"
"0x86cbd201aa16b1ea70973f6aff956464c0aee4f992d4cdd6de40905d735ec05d","Success","Approve","21529978","2025-01-01 13:40:35","0xfc72dff79ea3507ab3879e94a25c78e475b08e3b","","0xa0b86991c6218b36c1d19d4a2e9eb0ce3606eb48","Circle: USDC Token","0 ETH","$0.00","0.00023052"
"0x0380ea9ba958690612c26b715dcc4cb549ecd55d1e920e688c54d0a9215c9692","Success","Approve","21529976","2025-01-01 13:40:11","0xfc72dff79ea3507ab3879e94a25c78e475b08e3b","","0xa0b86991c6218b36c1d19d4a2e9eb0ce3606eb48","Circle: USDC Token","0 ETH","$0.00","0.00024461"
"0xf897505d2142a8b4d3873d231bfcbef3d5daf14d2242f0173d755ab87412eeb0","Success","Approve","21529975","2025-01-01 13:39:59","0xfc72dff79ea3507ab3879e94a25c78e475b08e3b","","0xa0b86991c6218b36c1d19d4a2e9eb0ce3606eb48","Circle: USDC Token","0 ETH","$0.00","0.00024932"
"0x7c50ebe5a89a1d60eb31f5f7584160c9c922ea0d2d949bfa0e58f31911ff3080","Success","Approve","21529974","2025-01-01 13:39:47","0xfc72dff79ea3507ab3879e94a25c78e475b08e3b","","0xa0b86991c6218b36c1d19d4a2e9eb0ce3606eb48","Circle: USDC Token","0 ETH","$0.00","0.00023707"
"0x7675782d3b8f8ae3525a91a875389182e4c1b31b814c72fd4a21546ffb993f8b","Success","Approve","21529973","2025-01-01 13:39:35","0xfc72dff79ea3507ab3879e94a25c78e475b08e3b","","0xa0b86991c6218b36c1d19d4a2e9eb0ce3606eb48","Circle: USDC Token","0 ETH","$0.00","0.00024779"
"0x850c9b9e66aa3c34d4321d2e3c9bcc221b295516d2ff2b06b3ac99892f0e5434","Success","Approve","21529972","2025-01-01 13:39:23","0xfc72dff79ea3507ab3879e94a25c78e475b08e3b","","0xa0b86991c6218b36c1d19d4a2e9eb0ce3606eb48","Circle: USDC Token","0 ETH","$0.00","0.00023786"
"0xd3ccf449902498f1e6952f19a195a02233016ed04e7bdae9266d14f973f6fd52","Success","Approve","21529971","2025-01-01 13:39:11","0xfc72dff79ea3507ab3879e94a25c78e475b08e3b","","0xa0b86991c6218b36c1d19d4a2e9eb0ce3606eb48","Circle: USDC Token","0 ETH","$0.00","0.0002389"
"0xaea7e8ea260743bb5bc0b2c24ea1f4e14d8e38541321e4c8e2eb7b6061e2a79b","Success","Approve","21529970","2025-01-01 13:38:59","0xfc72dff79ea3507ab3879e94a25c78e475b08e3b","","0xa0b86991c6218b36c1d19d4a2e9eb0ce3606eb48","Circle: USDC Token","0 ETH","$0.00","0.00024373"
"0xf493f04b0f6913b3b4e7324be8437179ff8061fc28cdd8c6dbebf2ca597aa9ba","Success","Approve","21529969","2025-01-01 13:38:47","0xfc72dff79ea3507ab3879e94a25c78e475b08e3b","","0xa0b86991c6218b36c1d19d4a2e9eb0ce3606eb48","Circle: USDC Token","0 ETH","$0.00","0.00021671"
"0xa40a9dab17ffde5bca6779c8fe6ed69f9757dfad45291c3f190591f841f1f244","Success","Approve","21529968","2025-01-01 13:38:35","0xfc72dff79ea3507ab3879e94a25c78e475b08e3b","","0xa0b86991c6218b36c1d19d4a2e9eb0ce3606eb48","Circle: USDC Token","0 ETH","$0.00","0.00022502"
"0xbee7e2246b7c3f3f5de650b5d363a1fe25a9de169483a3ebe7c0c1d446a743dc","Success","Approve","21529966","2025-01-01 13:38:11","0xfc72dff79ea3507ab3879e94a25c78e475b08e3b","","0xa0b86991c6218b36c1d19d4a2e9eb0ce3606eb48","Circle: USDC Token","0 ETH","$0.00","0.00023487"
"0xcfe4dafe008a1e21be95543a3d2b184411fdd0f65f4aa4419e037253bf0370b9","Success","Approve","21529965","2025-01-01 13:37:59","0xfc72dff79ea3507ab3879e94a25c78e475b08e3b","","0xa0b86991c6218b36c1d19d4a2e9eb0ce3606eb48","Circle: USDC Token","0 ETH","$0.00","0.00021"
"0xf493c431cb033ab5fe06835cbc7e41bd36acc64b177d6550fddce2521401c028","Success","Approve","21529963","2025-01-01 13:37:35","0xfc72dff79ea3507ab3879e94a25c78e475b08e3b","","0xa0b86991c6218b36c1d19d4a2e9eb0ce3606eb48","Circle: USDC Token","0 ETH","$0.00","0.00023595"
"0xa19e2521d74280a51888e8cb44660b3a49c25caad306e170e7140027741fb7aa","Success","Approve","21529961","2025-01-01 13:37:11","0xfc72dff79ea3507ab3879e94a25c78e475b08e3b","","0xa0b86991c6218b36c1d19d4a2e9eb0ce3606eb48","Circle: USDC Token","0 ETH","$0.00","0.00022519"
"0x9427386ac27cef4f3f3050704dca610d4e253302fa39494985b303436b380cd2","Success","Approve","21529959","2025-01-01 13:36:47","0xfc72dff79ea3507ab3879e94a25c78e475b08e3b","","0xa0b86991c6218b36c1d19d4a2e9eb0ce3606eb48","Circle: USDC Token","0 ETH","$0.00","0.00023417"
"0xd756e2728cf781a44f8511562f413707c0cb6100cddb92e02670635b5485c728","Success","Approve","21529958","2025-01-01 13:36:35","0xfc72dff79ea3507ab3879e94a25c78e475b08e3b","","0xa0b86991c6218b36c1d19d4a2e9eb0ce3606eb48","Circle: USDC Token","0 ETH","$0.00","0.00023595"
"0xe6568a2d9f87c0f47f134d74a4bd785b906ad9a5dd19a66698b6b514a039dee1","Success","Approve","21529957","2025-01-01 13:36:23","0xfc72dff79ea3507ab3879e94a25c78e475b08e3b","","0xa0b86991c6218b36c1d19d4a2e9eb0ce3606eb48","Circle: USDC Token","0 ETH","$0.00","0.00023224"
"0x05387f3e72110dac6dd8fd895f366bc1db4d16158e8cccb513f3a54da0ea8c92","Success","Approve","21529955","2025-01-01 13:35:59","0xfc72dff79ea3507ab3879e94a25c78e475b08e3b","","0xa0b86991c6218b36c1d19d4a2e9eb0ce3606eb48","Circle: USDC Token","0 ETH","$0.00","0.00022818"
"0xe25f7dca9e524be66de7c02036c97faba6559166410c34f64f82162bedd0f598","Success","Approve","21529954","2025-01-01 13:35:47","0xfc72dff79ea3507ab3879e94a25c78e475b08e3b","","0xa0b86991c6218b36c1d19d4a2e9eb0ce3606eb48","Circle: USDC Token","0 ETH","$0.00","0.00023202"
"0x2dc938210027ec28f01f1cd9578aa2aefe6820c567459508539acc7220a13647","Success","Approve","21529953","2025-01-01 13:35:35","0xfc72dff79ea3507ab3879e94a25c78e475b08e3b","","0xa0b86991c6218b36c1d19d4a2e9eb0ce3606eb48","Circle: USDC Token","0 ETH","$0.00","0.00022912"
"0xf4f03a1606a9541f57a9df281bd55486c3494eb3549a7126c09af9e227062ff6","Success","Approve","21529952","2025-01-01 13:35:23","0xfc72dff79ea3507ab3879e94a25c78e475b08e3b","","0xa0b86991c6218b36c1d19d4a2e9eb0ce3606eb48","Circle: USDC Token","0 ETH","$0.00","0.00023011"
"0x45d0a58bf1f317075c399b99a3c62e57801c9343f08801f859692f6be3ea053d","Success","Approve","21529951","2025-01-01 13:35:11","0xfc72dff79ea3507ab3879e94a25c78e475b08e3b","","0xa0b86991c6218b36c1d19d4a2e9eb0ce3606eb48","Circle: USDC Token","0 ETH","$0.00","0.00022435"
"0x5580bd5becc4e586c147a8e742c16a8ce1a20647801dab45d3a119336922d309","Success","Approve","21529949","2025-01-01 13:34:47","0xfc72dff79ea3507ab3879e94a25c78e475b08e3b","","0xa0b86991c6218b36c1d19d4a2e9eb0ce3606eb48","Circle: USDC Token","0 ETH","$0.00","0.00023108"
"0x13af29367ae47a0cc3a4bf171327069cef7c1387a7d6c869cf0d6d452ddd4743","Success","Approve","21529948","2025-01-01 13:34:35","0xfc72dff79ea3507ab3879e94a25c78e475b08e3b","","0xa0b86991c6218b36c1d19d4a2e9eb0ce3606eb48","Circle: USDC Token","0 ETH","$0.00","0.00023172"
"0x96267d6adedf05604bc86ca259c4484b7f1e0237df1d40abe3970243ae29ae74","Success","Approve","21529947","2025-01-01 13:34:23","0xfc72dff79ea3507ab3879e94a25c78e475b08e3b","","0xa0b86991c6218b36c1d19d4a2e9eb0ce3606eb48","Circle: USDC Token","0 ETH","$0.00","0.00022542"
"0xaecc4088ed04f3c26ab83ed0e34982e1a2f7f1e116e6aee9085d329133b9475c","Success","Approve","21529945","2025-01-01 13:33:59","0xfc72dff79ea3507ab3879e94a25c78e475b08e3b","","0xa0b86991c6218b36c1d19d4a2e9eb0ce3606eb48","Circle: USDC Token","0 ETH","$0.00","0.00022005"
"0x7f5b6f1b02a8f03f7218ddf1f2693da51b182af31a1bbbec2be6b7a91450429b","Success","Approve","21529944","2025-01-01 13:33:47","0xfc72dff79ea3507ab3879e94a25c78e475b08e3b","","0xa0b86991c6218b36c1d19d4a2e9eb0ce3606eb48","Circle: USDC Token","0 ETH","$0.00","0.00022226"
"0x903287e7e0e3c74b6c2ca4115b4002056e59aa4077b3dcba43cfd62b6f3a5471","Success","Approve","21529942","2025-01-01 13:33:23","0xfc72dff79ea3507ab3879e94a25c78e475b08e3b","","0xa0b86991c6218b36c1d19d4a2e9eb0ce3606eb48","Circle: USDC Token","0 ETH","$0.00","0.00021052"
"0x5b134fb9226b70a1ce810093c8f151b502597656cb546dad999894b87cb83731","Success","Approve","21529941","2025-01-01 13:33:11","0xfc72dff79ea3507ab3879e94a25c78e475b08e3b","","0xa0b86991c6218b36c1d19d4a2e9eb0ce3606eb48","Circle: USDC Token","0 ETH","$0.00","0.00022572"
"0x0ee1ba33ce5742a4e1fa74388b0c921adf0b5096ea0e97071ca45f14f7e953d6","Success","Approve","21529940","2025-01-01 13:32:59","0xfc72dff79ea3507ab3879e94a25c78e475b08e3b","","0xa0b86991c6218b36c1d19d4a2e9eb0ce3606eb48","Circle: USDC Token","0 ETH","$0.00","0.00021733"
"0x5cd5de65754c883b53b8a116a587e8b32fa0e8c7f83aa30cadb2b4756c0a1f1b","Success","Approve","21529937","2025-01-01 13:32:23","0xfc72dff79ea3507ab3879e94a25c78e475b08e3b","","0xa0b86991c6218b36c1d19d4a2e9eb0ce3606eb48","Circle: USDC Token","0 ETH","$0.00","0.00022917"
"0xa7a27c7846efe457520cf4cb6c752b6655637908798bc758aa0078319a491d13","Success","Approve","21529936","2025-01-01 13:32:11","0xfc72dff79ea3507ab3879e94a25c78e475b08e3b","","0xa0b86991c6218b36c1d19d4a2e9eb0ce3606eb48","Circle: USDC Token","0 ETH","$0.00","0.00023164"
"0x80be7ed04f05377f61eb0f6b3e903cdcf70b1c91f5da3f36aec2d2beccfc31ec","Success","Approve","21529935","2025-01-01 13:31:59","0xfc72dff79ea3507ab3879e94a25c78e475b08e3b","","0xa0b86991c6218b36c1d19d4a2e9eb0ce3606eb48","Circle: USDC Token","0 ETH","$0.00","0.00023964"
"0x0b76240b6ee139574c9475eee7d6170909f6ac16a9eb0dcb8d6f05740b7f56d8","Success","Approve","21529934","2025-01-01 13:31:47","0xfc72dff79ea3507ab3879e94a25c78e475b08e3b","","0xa0b86991c6218b36c1d19d4a2e9eb0ce3606eb48","Circle: USDC Token","0 ETH","$0.00","0.00023336"
"0x1670b6bb6cf89eb2c6ca6e69715215cb6cc9d23723a145e8435b796a724e8f5c","Success","Approve","21529933","2025-01-01 13:31:35","0xfc72dff79ea3507ab3879e94a25c78e475b08e3b","","0xa0b86991c6218b36c1d19d4a2e9eb0ce3606eb48","Circle: USDC Token","0 ETH","$0.00","0.00022854"
"0x9c26349c448c54b7920cede2f12182a1fd1b9189d24f6e7eadddeddf4eca7702","Success","Approve","21529932","2025-01-01 13:31:23","0xfc72dff79ea3507ab3879e94a25c78e475b08e3b","","0xa0b86991c6218b36c1d19d4a2e9eb0ce3606eb48","Circle: USDC Token","0 ETH","$0.00","0.00023405"
"0xc362ea31e2859bf8c72bbcf5a9590c3e0e946de0077ab2a6344b0bf22afaf8fc","Success","Approve","21529930","2025-01-01 13:30:59","0xfc72dff79ea3507ab3879e94a25c78e475b08e3b","","0xa0b86991c6218b36c1d19d4a2e9eb0ce3606eb48","Circle: USDC Token","0 ETH","$0.00","0.00023345"
"0x9f6e764855203d9d32af450221f32adb3eba3173142fbcd50945320f6aebefcc","Success","Approve","21529929","2025-01-01 13:30:47","0xfc72dff79ea3507ab3879e94a25c78e475b08e3b","","0xa0b86991c6218b36c1d19d4a2e9eb0ce3606eb48","Circle: USDC Token","0 ETH","$0.00","0.00023438"
"0xa1e3e0030d068e0c78cad085bd40529814022ed1c7aeb210c3afaff188bfc194","Success","Approve","21529928","2025-01-01 13:30:35","0xfc72dff79ea3507ab3879e94a25c78e475b08e3b","","0xa0b86991c6218b36c1d19d4a2e9eb0ce3606eb48","Circle: USDC Token","0 ETH","$0.00","0.00023348"
"0xccb6d794bfda0354fcb5412b137309433893ad14dde51f52d165677e4d24f138","Success","Approve","21529927","2025-01-01 13:30:23","0xfc72dff79ea3507ab3879e94a25c78e475b08e3b","","0xa0b86991c6218b36c1d19d4a2e9eb0ce3606eb48","Circle: USDC Token","0 ETH","$0.00","0.00023135"
"0x17bdcb0a0ccafa88affd63c3f969304b4977a5e42871780b96cf129bd792f24d","Success","Approve","21529924","2025-01-01 13:29:47","0xfc72dff79ea3507ab3879e94a25c78e475b08e3b","","0xa0b86991c6218b36c1d19d4a2e9eb0ce3606eb48","Circle: USDC Token","0 ETH","$0.00","0.00023658"
"0x1ff6b2bc8289c72a779c6ac52b7efe588636e2a03d2d3818d17747ea9397d5ef","Success","Approve","21529923","2025-01-01 13:29:35","0xfc72dff79ea3507ab3879e94a25c78e475b08e3b","","0xa0b86991c6218b36c1d19d4a2e9eb0ce3606eb48","Circle: USDC Token","0 ETH","$0.00","0.00023732"
"0x2ce1331b67ab66962e46c74b89f26ae01c18ab6d2b218b34565882e2a3f58075","Success","Approve","21529899","2025-01-01 13:24:47","0xfc72dff79ea3507ab3879e94a25c78e475b08e3b","","0xa0b86991c6218b36c1d19d4a2e9eb0ce3606eb48","Circle: USDC Token","0 ETH","$0.00","0.00026078"
"0xe75600a7eba10c5f5c2a3c4aca16b2419773855c099e57da9e2f406f670a8a5e","Success","Approve","21529898","2025-01-01 13:24:35","0xfc72dff79ea3507ab3879e94a25c78e475b08e3b","","0xa0b86991c6218b36c1d19d4a2e9eb0ce3606eb48","Circle: USDC Token","0 ETH","$0.00","0.00024151"
"0xf9b4517999b750e080c83649d8046c8ecee3210f1ccef1ce84395999c6fe97de","Success","Approve","21529897","2025-01-01 13:24:23","0xfc72dff79ea3507ab3879e94a25c78e475b08e3b","","0xa0b86991c6218b36c1d19d4a2e9eb0ce3606eb48","Circle: USDC Token","0 ETH","$0.00","0.0002622"
"0x5d87ffd1391a4c1cbeafb9ffb42594c6350f5141ab99033462e22685155ff502","Success","Approve","21529896","2025-01-01 13:24:11","0xfc72dff79ea3507ab3879e94a25c78e475b08e3b","","0xa0b86991c6218b36c1d19d4a2e9eb0ce3606eb48","Circle: USDC Token","0 ETH","$0.00","0.00026704"
"0xe92b33fd7158bd850df43fb8e3cc219e4509d6022db0714b4672575a46d359f6","Success","Approve","21529895","2025-01-01 13:23:59","0xfc72dff79ea3507ab3879e94a25c78e475b08e3b","","0xa0b86991c6218b36c1d19d4a2e9eb0ce3606eb48","Circle: USDC Token","0 ETH","$0.00","0.00026397"
"0xc8e0ddcf3abd3b4f7026d640dbf8c0b2150999972cfd8a8c5125950700880b84","Success","Approve","21529894","2025-01-01 13:23:47","0xfc72dff79ea3507ab3879e94a25c78e475b08e3b","","0xa0b86991c6218b36c1d19d4a2e9eb0ce3606eb48","Circle: USDC Token","0 ETH","$0.00","0.0002577"
"0xdd21671d90f82282f0d7669adc6d1bb58482cc561ca0eb624ebd4d047d3e814c","Success","Approve","21529893","2025-01-01 13:23:35","0xfc72dff79ea3507ab3879e94a25c78e475b08e3b","","0xa0b86991c6218b36c1d19d4a2e9eb0ce3606eb48","Circle: USDC Token","0 ETH","$0.00","0.00023679"
"0x419d019409ce1e58b0f19fb9f5ed8ae4723b9e5e9a7436c678e8b53d96808db3","Success","Approve","21529892","2025-01-01 13:23:23","0xfc72dff79ea3507ab3879e94a25c78e475b08e3b","","0xa0b86991c6218b36c1d19d4a2e9eb0ce3606eb48","Circle: USDC Token","0 ETH","$0.00","0.00025458"
"0xd5bbcd63f57fe3b64b1f1d34c00d4bdf9b344d1f1400d788e62ce1fcdc19b390","Success","Approve","21529891","2025-01-01 13:23:11","0xfc72dff79ea3507ab3879e94a25c78e475b08e3b","","0xa0b86991c6218b36c1d19d4a2e9eb0ce3606eb48","Circle: USDC Token","0 ETH","$0.00","0.00025652"
"0x60fb059dafdbfad79d1c20a7bb39843a1930b106ad4eaca3ebd5a8a18942bc8a","Success","Approve","21529890","2025-01-01 13:22:59","0xfc72dff79ea3507ab3879e94a25c78e475b08e3b","","0xa0b86991c6218b36c1d19d4a2e9eb0ce3606eb48","Circle: USDC Token","0 ETH","$0.00","0.00026294"
"0x934919dd33ea436c3712512ad942a713f466e3b7b962f29da697e499ebcd978f","Success","Approve","21529889","2025-01-01 13:22:47","0xfc72dff79ea3507ab3879e94a25c78e475b08e3b","","0xa0b86991c6218b36c1d19d4a2e9eb0ce3606eb48","Circle: USDC Token","0 ETH","$0.00","0.00025904"
"0x897dabaefae0abb45eb5b43a37b76e0c9eb6de951006b1fb12550e2c856ff944","Success","Approve","21529888","2025-01-01 13:22:35","0xfc72dff79ea3507ab3879e94a25c78e475b08e3b","","0xa0b86991c6218b36c1d19d4a2e9eb0ce3606eb48","Circle: USDC Token","0 ETH","$0.00","0.00024408"
"0x15543de7d2461d7ffc51f2e4863792799598d5a3a5ab080d7b30d7fd9537edab","Success","Approve","21529887","2025-01-01 13:22:23","0xfc72dff79ea3507ab3879e94a25c78e475b08e3b","","0xa0b86991c6218b36c1d19d4a2e9eb0ce3606eb48","Circle: USDC Token","0 ETH","$0.00","0.00024374"
"0x78df6136359322cabeb5c8f3a65e7173ec2a0c3ff7324021e6b48d012cbe49dc","Success","Approve","21529886","2025-01-01 13:22:11","0xfc72dff79ea3507ab3879e94a25c78e475b08e3b","","0xa0b86991c6218b36c1d19d4a2e9eb0ce3606eb48","Circle: USDC Token","0 ETH","$0.00","0.00023572"
"0xb1fee4eb28f7d73796628630bda8c215b70123f57b6fa069915f49c534be8034","Success","Approve","21529884","2025-01-01 13:21:47","0xfc72dff79ea3507ab3879e94a25c78e475b08e3b","","0xa0b86991c6218b36c1d19d4a2e9eb0ce3606eb48","Circle: USDC Token","0 ETH","$0.00","0.00023207"
"0x720c8e7bbee8c10284ed9d5e2c62c229b4096a6139eede82ed1cae581a782dd6","Success","Approve","21529882","2025-01-01 13:21:23","0xfc72dff79ea3507ab3879e94a25c78e475b08e3b","","0xa0b86991c6218b36c1d19d4a2e9eb0ce3606eb48","Circle: USDC Token","0 ETH","$0.00","0.00023597"
"0xc1ba3dd83386c8fa09d9b469a3e77d6d918c4d4f0ebdcfea08638d14189434c0","Success","Approve","21529880","2025-01-01 13:20:59","0xfc72dff79ea3507ab3879e94a25c78e475b08e3b","","0xa0b86991c6218b36c1d19d4a2e9eb0ce3606eb48","Circle: USDC Token","0 ETH","$0.00","0.00020752"
"0xe9619269278ceb6508c6199faaee53985c3f09b2cc7cbf3f7956b25109478404","Success","Approve","21529876","2025-01-01 13:20:11","0xfc72dff79ea3507ab3879e94a25c78e475b08e3b","","0xa0b86991c6218b36c1d19d4a2e9eb0ce3606eb48","Circle: USDC Token","0 ETH","$0.00","0.00023464"
"0xe24efc18fa0999fbb5dfd091efef27364451724b973a11d4c33ce5cdf0dcad34","Success","Approve","21529875","2025-01-01 13:19:59","0xfc72dff79ea3507ab3879e94a25c78e475b08e3b","","0xa0b86991c6218b36c1d19d4a2e9eb0ce3606eb48","Circle: USDC Token","0 ETH","$0.00","0.00023366"
"0x33368bb34ec628f39ce44ad5c8510bfd3231f3cabb4c184fa28554660c226c2c","Success","Approve","21529874","2025-01-01 13:19:47","0xfc72dff79ea3507ab3879e94a25c78e475b08e3b","","0xa0b86991c6218b36c1d19d4a2e9eb0ce3606eb48","Circle: USDC Token","0 ETH","$0.00","0.00023559"
"0x44f2d3e9a36f68905bd0b00ddeaec346f5f6136d5b9caa33ee101d1560dd9101","Success","Approve","21529873","2025-01-01 13:19:35","0xfc72dff79ea3507ab3879e94a25c78e475b08e3b","","0xa0b86991c6218b36c1d19d4a2e9eb0ce3606eb48","Circle: USDC Token","0 ETH","$0.00","0.00022869"
"0x7783b0df312afe4ca5be052278e7bb56cc7c210e1225cc981cd489340b29ba3f","Success","Approve","21529872","2025-01-01 13:19:23","0xfc72dff79ea3507ab3879e94a25c78e475b08e3b","","0xa0b86991c6218b36c1d19d4a2e9eb0ce3606eb48","Circle: USDC Token","0 ETH","$0.00","0.00023881"
"0xbb64231ad6421b48c03a547ddb5f88d14e94ccaca5e3e524bd4985e3b28478e0","Success","Approve","21529871","2025-01-01 13:19:11","0xfc72dff79ea3507ab3879e94a25c78e475b08e3b","","0xa0b86991c6218b36c1d19d4a2e9eb0ce3606eb48","Circle: USDC Token","0 ETH","$0.00","0.0002316"
"0x0daab079bb5d07071064a2de68269ab77d4547eff0e4ea9080cce84a6f01eb01","Success","Approve","21529870","2025-01-01 13:18:59","0xfc72dff79ea3507ab3879e94a25c78e475b08e3b","","0xa0b86991c6218b36c1d19d4a2e9eb0ce3606eb48","Circle: USDC Token","0 ETH","$0.00","0.00023176"
"0x5de85558412ba7b0bc423b85b86d9b5b1cbc7cddc67e13b657ee7c4a5e369176","Success","Approve","21529869","2025-01-01 13:18:47","0xfc72dff79ea3507ab3879e94a25c78e475b08e3b","","0xa0b86991c6218b36c1d19d4a2e9eb0ce3606eb48","Circle: USDC Token","0 ETH","$0.00","0.00023209"
"0xc3eddf94db08c6aa823fd0fde8838262f8ae16393689284e3a56a2539acc1f4c","Success","Approve","21529868","2025-01-01 13:18:35","0xfc72dff79ea3507ab3879e94a25c78e475b08e3b","","0xa0b86991c6218b36c1d19d4a2e9eb0ce3606eb48","Circle: USDC Token","0 ETH","$0.00","0.00020636"
"0x7274ce3c99d1f480591f7212b9403dab4e6d2a6c2e274d91bc6d416cfdc7bc8b","Success","Approve","21529867","2025-01-01 13:18:23","0xfc72dff79ea3507ab3879e94a25c78e475b08e3b","","0xa0b86991c6218b36c1d19d4a2e9eb0ce3606eb48","Circle: USDC Token","0 ETH","$0.00","0.00022418"
"0xbe70b5deaaae519263acfedec5d590dd02026547c0b98b903525070e51362f78","Success","Approve","21529865","2025-01-01 13:17:59","0xfc72dff79ea3507ab3879e94a25c78e475b08e3b","","0xa0b86991c6218b36c1d19d4a2e9eb0ce3606eb48","Circle: USDC Token","0 ETH","$0.00","0.00022532"
"0x025fc939769a25f7997ac7b6c9ed6f8ace58a01098ae42eb66550b0062dea8ef","Success","Approve","21529863","2025-01-01 13:17:35","0xfc72dff79ea3507ab3879e94a25c78e475b08e3b","","0xa0b86991c6218b36c1d19d4a2e9eb0ce3606eb48","Circle: USDC Token","0 ETH","$0.00","0.00023184"
"0x17bdd343dba017154ddee96853d4523a859788bd71ca98152cfcbbdac6709780","Success","Approve","21529862","2025-01-01 13:17:23","0xfc72dff79ea3507ab3879e94a25c78e475b08e3b","","0xa0b86991c6218b36c1d19d4a2e9eb0ce3606eb48","Circle: USDC Token","0 ETH","$0.00","0.00021943"
"0xa2eebeeff063fbd96c46f1e5d44b52b37fb3a23118d56a5df6dfb09cbec322df","Success","Approve","21529583","2025-01-01 12:21:35","0xfc72dff79ea3507ab3879e94a25c78e475b08e3b","","0xa0b86991c6218b36c1d19d4a2e9eb0ce3606eb48","Circle: USDC Token","0 ETH","$0.00","0.00049709"
"0xad54175762cf8a5913f13cc5c8bd379fb4bd90d928b929c3dd7bfb79496a2f04","Success","Transfer","21529582","2025-01-01 12:21:23","0x5674c28513d3166bfed8dd0658779300112bcc6c","","0xfc72dff79ea3507ab3879e94a25c78e475b08e3b","","0.00244463 ETH","$8.16","0.00027168"
"0x6e6b620ddd7a8965b5e4120b8236da4baa4c3c648de8d02796053811c4b69ca5","Success","Approve","21529580","2025-01-01 12:20:59","0xfc72dff79ea3507ab3879e94a25c78e475b08e3b","","0xa0b86991c6218b36c1d19d4a2e9eb0ce3606eb48","Circle: USDC Token","0 ETH","$0.00","0.00044406"
"0xea94281da0ccea9f82f4e3fac4b97890fb9d84fcf7b671f7b2f92e2589e423c5","Success","Transfer","21529579","2025-01-01 12:20:47","0x5674c28513d3166bfed8dd0658779300112bcc6c","","0xfc72dff79ea3507ab3879e94a25c78e475b08e3b","","0.002447445 ETH","$8.17","0.00024706"
"0xd1905c88baff034a40cd40363ab7cfa6a1da9a83d9cef7821d579712a962582f","Success","Approve","21529577","2025-01-01 12:20:23","0xfc72dff79ea3507ab3879e94a25c78e475b08e3b","","0xa0b86991c6218b36c1d19d4a2e9eb0ce3606eb48","Circle: USDC Token","0 ETH","$0.00","0.00038596"
"0x8eb70e3c00b94331475e691ece9bc7d7a56f8fdc6b47270bbc82407a83e990e5","Success","Transfer","21529576","2025-01-01 12:20:11","0x5674c28513d3166bfed8dd0658779300112bcc6c","","0xfc72dff79ea3507ab3879e94a25c78e475b08e3b","","0.00247076 ETH","$8.25","0.00023984"
"0xd7585e25a8be75b7bcd5fe00cb3efc38893aada2549cbb3789fb7ce9852ca225","Success","Approve","21529575","2025-01-01 12:19:59","0xfc72dff79ea3507ab3879e94a25c78e475b08e3b","","0xa0b86991c6218b36c1d19d4a2e9eb0ce3606eb48","Circle: USDC Token","0 ETH","$0.00","0.00044488"
"0xbe7afc39ddada72d310d6c47ee1565a9c3a2732709c6dea6ad74bf4d95d235ef","Success","Transfer","21529574","2025-01-01 12:19:47","0x5674c28513d3166bfed8dd0658779300112bcc6c","","0xfc72dff79ea3507ab3879e94a25c78e475b08e3b","","0.002529351 ETH","$8.44","0.00026507"
"0xaf30eb26f2d38406958e7b9d3a9f97c981b2811f70e48a66a6789150e7eaca4c","Success","Approve","21529573","2025-01-01 12:19:35","0xfc72dff79ea3507ab3879e94a25c78e475b08e3b","","0xa0b86991c6218b36c1d19d4a2e9eb0ce3606eb48","Circle: USDC Token","0 ETH","$0.00","0.00043199"
"0x0f353662a7971d0ba3376124f618d57f437bc6d7df1910108213595129d44039","Success","Transfer","21529571","2025-01-01 12:19:11","0x5674c28513d3166bfed8dd0658779300112bcc6c","","0xfc72dff79ea3507ab3879e94a25c78e475b08e3b","","0.002540403 ETH","$8.48","0.0002509"
"0xabcfa0e1d359d14c2871e030ef87c50a6f88ba20a7a05012df58f6c28e78d14c","Success","Approve","21529569","2025-01-01 12:18:47","0xfc72dff79ea3507ab3879e94a25c78e475b08e3b","","0xa0b86991c6218b36c1d19d4a2e9eb0ce3606eb48","Circle: USDC Token","0 ETH","$0.00","0.00044049"
"0x6b87adb4db4f8194e8694149e5c45d2152627bd6c2be92addff0010d7a570193","Success","Transfer","21529567","2025-01-01 12:18:23","0x5674c28513d3166bfed8dd0658779300112bcc6c","","0xfc72dff79ea3507ab3879e94a25c78e475b08e3b","","0.002556142 ETH","$8.53","0.00025462"
"0x3135795bbaa912e8b1661674d7aae819bb600f895b2eef701c0224d81a19b0cb","Success","Approve","21529566","2025-01-01 12:18:11","0xfc72dff79ea3507ab3879e94a25c78e475b08e3b","","0xa0b86991c6218b36c1d19d4a2e9eb0ce3606eb48","Circle: USDC Token","0 ETH","$0.00","0.00044068"
"0x62283858799ea1c7fa53e0e5f21e01b4c17239597d04fc1d7443dd14a3b3304c","Success","Transfer","21529565","2025-01-01 12:17:59","0x5674c28513d3166bfed8dd0658779300112bcc6c","","0xfc72dff79ea3507ab3879e94a25c78e475b08e3b","","0.002558995 ETH","$8.54","0.00024437"
"0xcdb2ca2f02ba152d904e3c0ce525a29351c9f536de5df1484be07412d19a88f6","Success","Approve","21529564","2025-01-01 12:17:47","0xfc72dff79ea3507ab3879e94a25c78e475b08e3b","","0xa0b86991c6218b36c1d19d4a2e9eb0ce3606eb48","Circle: USDC Token","0 ETH","$0.00","0.00045542"
"0x9145fcf21742fd8dfad754fdea9e696ac49995f6c9f734e7aec4c43197cef931","Success","Transfer","21529563","2025-01-01 12:17:35","0x5674c28513d3166bfed8dd0658779300112bcc6c","","0xfc72dff79ea3507ab3879e94a25c78e475b08e3b","","0.002562763 ETH","$8.56","0.00024651"
"0xeab4e54248d4c4363b0caba08d30e43591c2d7f9b5a053812909a3476c5b6dc6","Success","Approve","21529562","2025-01-01 12:17:23","0xfc72dff79ea3507ab3879e94a25c78e475b08e3b","","0xa0b86991c6218b36c1d19d4a2e9eb0ce3606eb48","Circle: USDC Token","0 ETH","$0.00","0.00046376"